"var","item_name_de","item_name_en","mode_zeit","med_zeit","mean_zeit","q25_zeit","q75_zeit","sd_zeit","med_like","mean_like","sd_like","n_zeit","n_like","iqr_zeit","wlo_zeit","whi_zeit","cat_sym","cat_group"
"ME02_01","Funktionsumfang","Range of functions",187.5,184,188,155.25,211.25,53.0134044618112,5,5.17647058823529,0.951005659660279,20,17,56,75,295.25,"◆","Selection criteria"
"ME02_02","Typ","Type",187.5,168,158.666666666667,136,190,67.9384525385538,6,5.77777777777778,0.427792631946499,21,18,54,55,271,"◆","Selection criteria"
"ME02_03","Wärmequelle","Heat source",187.5,170,161.842105263158,148,203,64.2825906602115,6,5.8125,0.403112887414928,19,16,55,65.5,283,"◆","Selection criteria"
"ME02_04","Betriebsweise","Operating mode",187.5,195,214.055555555556,180,240.25,118.916912279725,5,5,1,18,15,60.25,89.625,330.625,"■","Product element data"
"ME02_05","Zusatzwärme/Energieträger","Backup heat / energy source",187.5,200,219.684210526316,180.5,247.5,57.2587233835053,5,4.8125,0.543905629069357,19,16,67,150,334,"◆","Selection criteria"
"ME02_06","Bauart","System design",187.5,205,231,183.25,239,68.2969295666745,5,5.23529411764706,1.03255821656129,18,17,55.75,168,322.625,"◆","Selection criteria"
"ME02_07","Aufstellungsort","Installation location",187.5,188,184.1,170.75,194.75,22.872415010686,6,5.64705882352941,0.492592183071889,20,17,24,134.75,228,"◆","Selection criteria"
"ME02_08","Leistungsregelung","Output control",312.5,313,339.611111111111,273.5,356.25,131.259571702024,5,4.66666666666667,1.11269728052837,18,15,82.75,187,480.375,"◆","Selection criteria"
"ME02_09","Antriebsenergie/Funktionsprinzip","Drive energy / functional principle",312.5,236,249.611111111111,175.75,326.5,113.190177753502,5,5,0.894427190999916,18,16,150.75,68,538,"◆","Selection criteria"
"ME02_10","Nenn-Heizleistung","Nominal heating output",187.5,221,246.555555555556,191.5,275.25,89.6845597716681,6,5.26666666666667,1.03279555898864,18,15,83.75,164,400.875,"■","Product element data"
"ME02_11","Nenn-Kühlleistung","Nominal cooling output",312.5,307,308.470588235294,215,340,106.180929106325,5,4.66666666666667,0.975900072948533,17,15,125,175,527.5,"■","Product element data"
"ME02_12","Nenn-Leistungszahl (COP)","Nominal coefficient of performance (COP)",312.5,295,334.470588235294,244,344,135.147658899007,5,4.8,1.01418510567422,17,15,100,149,494,"■","Product element data"
"ME02_13","Nenn-Leistungszahl Kühlung (EER)","Nominal energy efficiency ratio (EER)",187.5,296.5,310.055555555556,220.5,330.25,126.060430056952,5,4.66666666666667,1.11269728052837,18,15,109.75,173,494.875,"■","Product element data"
"ME02_14","Energieeffizienzlabel (ErP-Daten)","Energy efficiency label (ErP data)",187.5,392,409.235294117647,238,558,176.511872621845,5,4.625,1.02469507659596,17,16,320,184,680,"■","Product element data"
"ME02_15","Elektrische Leistungsaufnahme","Electric power consumption",312.5,320,317.947368421053,228,347.5,129.417701727653,5,4.875,1.20415945787923,19,16,119.5,140,526.75,"■","Product element data"
"ME02_16","Elektrische Anschlussspanung und Phase","Electrical connection (voltage and phase)",312.5,290,309.388888888889,217,335.5,130.854719121398,5,4.4375,1.36473440639562,18,16,118.5,165,513.25,"■","Product element data"
"ME02_17","Anlaufstrom","Starting current",312.5,337,355.777777777778,296.5,364.75,136.076343432024,5,4.1875,1.32759180473518,18,16,68.25,194.125,467.125,"■","Product element data"
"ME02_18","Leistung der elektr. Zusatzheizung (Heizstab)","Output of electric backup heating",187.5,303,310.944444444444,205,352,134.459909713868,5,4.4375,1.31497781983829,18,16,147,164,572.5,"■","Product element data"
"ME02_19","Maximale Vorlauftemperatur im Heizbetrieb","Maximum supply temperature - heating",187.5,242,285.058823529412,209,336,110.683371937836,5,4.86666666666667,1.18723367940933,17,15,127,180,526.5,"■","Product element data"
"ME02_20","Minimale Vorlauftemperatur im Heizbetrieb","Minimum supply temperature - heating",312.5,272,315.444444444444,214.5,330.5,171.133667132285,4,4.26666666666667,1.16291915126588,18,15,116,156,504.5,"■","Product element data"
"ME02_21","Maximale Vorlauftemperatur im Kühlbetrieb","Maximum supply temperature - cooling",312.5,300,304.555555555556,215.75,345.25,113.330449790307,4,3.73333333333333,1.27988094684437,18,15,129.5,164,539.5,"■","Product element data"
"ME02_22","Minimale Vorlauftemperatur im Kühlbetrieb","Minimum supply temperature - cooling",312.5,316.5,340.777777777778,270,350.25,128.327960162535,4,4.26666666666667,1.03279555898864,18,15,80.25,174,470.625,"■","Product element data"
"ME02_23","Maximale Wärmequellentemperatur","Maximum heat source temperature",187.5,301,318.315789473684,211.5,334,183.236657125751,5,4.66666666666667,1.04653623694457,19,15,122.5,131,517.75,"■","Product element data"
"ME02_24","Minimale Wärmequellentemperatur","Minimum heat source temperature",312.5,298,329.78947368421,226.5,329.5,182.766572116022,5,4.8,1.01418510567422,19,15,103,136,484,"■","Product element data"
"ME02_25","Spreizung der Heizwassertemperatur","Temperature differential",312.5,291.5,282.6875,235.75,325.25,61.7562075152504,5,4.73333333333333,1.09978352848359,16,15,89.5,181,372,"■","Product element data"
"ME02_26","Eingesetztes Kältemittel","Refrigerant used",187.5,212.5,233.111111111111,184.25,281.75,67.5372567236161,5,5.33333333333333,0.617213399848368,18,15,97.5,151,366,"■","Product element data"
"ME02_27","Füllmenge des Kältemittels","Refrigerant capacity",312.5,322.5,405.055555555556,291,525.25,146.627768906095,4,4.13333333333333,1.06009882737862,18,15,234.25,240,703,"■","Product element data"
"ME02_28","Sicherheitsklasse des Kältemittels","Refrigerant safety class",312.5,288.5,289.777777777778,199.75,322.75,113.637998799881,6,5.4,0.736788397613007,18,15,123,136,507.25,"■","Product element data"
"ME02_29","Treibhauspotential (GWP) des Kältemittels","Refrigerant global warming potential (GWP)",312.5,306,307.166666666667,214.5,322.25,133.695989644637,5,4.8,0.861891607371335,18,15,107.75,151,483.875,"■","Product element data"
"ME02_30","Bauart des Kältekreises","Design of refrigerant circuit",312.5,327,378.6875,217.5,510.25,192.973130685768,3,3.66666666666667,1.11269728052837,16,15,292.75,152,813,"■","Product element data"
"ME02_31","Produktmaße (Länge x Breite x Höhe)","Product dimensions (length x width x height)",312.5,281.5,269.3,191.75,308.75,94.7590295655803,5,5.25,0.774596669241483,20,16,117,166,484.25,"■","Product element data"
"ME02_32","Masse (Gesamtgewicht)","Mass (total weight)",312.5,321.5,312.9,289,349.25,54.9640073617559,5,4.4375,0.963932916061417,20,16,60.25,198.625,421,"■","Product element data"
"ME02_33","Schallpegel im Innenraum","Sound power level for indoors",312.5,325.5,335.25,293.75,356.5,107.734505541217,5,4.82352941176471,1.13111085429585,20,17,62.75,199.625,450.625,"■","Product element data"
"ME02_34","Schallpegel im Außenraum","Sound power level for outdoors",312.5,315,282.761904761905,220,332,100.621520939561,5,5.35294117647059,0.606339062590833,21,17,112,52,456,"■","Product element data"
"ME02_35","IP-Schutzart für das Innenteil","IP-protection for indoor unit",562.5,563,517.6875,347,597.75,203.622107100383,4,3.6875,1.25,16,16,250.75,168,967,"■","Product element data"
"ME02_36","IP-Schutzart für das Außenteil","IP-protection for outdoor unit",562.5,552.5,508.055555555556,371,583.5,169.388683635569,4,3.8,1.01418510567422,18,15,212.5,231,891,"■","Product element data"
"ME02_37","Verdichteranzahl","Number of compressors",312.5,363,443.470588235294,327,550,169.37647329509,3,3.13333333333333,1.18723367940933,17,15,223,234,823,"■","Product element data"
"ME02_38","Informationen zu Investitionskosten","Information about investment costs",187.5,193,219.380952380952,181,270,78.6870231934569,5,5.29411764705882,0.685994340570035,21,17,89,47.5,348,"■","Product element data"
"ME02_39","Informationen zu Betriebskosten","Information about operating costs",187.5,214,267.157894736842,173,325.5,130.894471132662,5,5.25,0.683130051063973,19,16,152.5,86,554.25,"■","Product element data"
"ME02_40","Automatisierungs- und Steuerungssysteme","Automation- and control systems",562.5,525,465.823529411765,337,573,144.648381988063,5,4.625,0.806225774829855,17,16,236,241,689,"■","Product element data"
"ME02_41","Integrierter Warmwasserspeicher","Integrated hot water tank",187.5,224,244.529411764706,187,305,68.124075816721,4,4,1.25356634105602,17,15,118,151,356,"■","Product element data"
"ME02_42","Heizleistung – dynamisch","Heating output - dynamic",562.5,364,396.117647058824,227,556,160.395169173257,4,4.46666666666667,1.24594580635795,17,15,329,173,617,"●","Performance data"
"ME02_43","Kühlleistung – dynamisch","Cooling output - dynamic",562.5,345.5,424.666666666667,300.5,572,199.74159777661,5,4.46666666666667,1.06009882737862,18,15,271.5,171,952,"●","Performance data"
"ME02_44","Leistungszahl (COP) – dynamisch","Coefficient of performance (COP) - dynamic",312.5,323,379.947368421053,256.5,560,159.772919998704,4.5,4.5625,1.15289490703475,19,16,303.5,177,613,"●","Performance data"
"ME02_45","Leistungszahl Kühlung (EER) – dynamisch","Energy efficiency ratio (EER) - dynamic",312.5,334,360.157894736842,260.5,442.5,136.848360180934,4.5,4.3125,1.01447851956888,19,16,182,160,616,"●","Performance data"
"ME02_46","Elektrische Leistungsaufnahme – dynamisch","Electric power consumption - dynamic",312.5,328.5,388.555555555556,271.5,535.25,151.294501366675,5,4.35294117647059,1.22173935797433,18,17,263.75,175,613,"●","Performance data"
